similar,voice,ident,feeling,similar2,voice2
0,0,4.5,70,-0.5,-0.5
1,1,1.25,51,0.5,0.5
0,0,3.75,31,-0.5,-0.5
1,0,3.5,63,0.5,-0.5
1,0,3,73,0.5,-0.5
1,0,3,90,0.5,-0.5
0,1,2.5,84,-0.5,0.5
0,0,3.25,39,-0.5,-0.5
1,1,2.5,79,0.5,0.5
1,1,4.5,88,0.5,0.5
1,1,3,63,0.5,0.5
1,1,1.5,7,0.5,0.5
0,1,2.25,16,-0.5,0.5
1,0,1.5,28,0.5,-0.5
1,1,3,31,0.5,0.5
1,0,3,86,0.5,-0.5
1,0,4.5,18,0.5,-0.5
1,1,3.5,79,0.5,0.5
1,0,3.75,51,0.5,-0.5
1,0,2.75,51,0.5,-0.5
0,0,2.75,36,-0.5,-0.5
0,1,1.25,29,-0.5,0.5
1,1,2.75,50,0.5,0.5
0,0,2.25,50,-0.5,-0.5
0,1,1.25,20,-0.5,0.5
0,1,4.5,52,-0.5,0.5
1,0,3,70,0.5,-0.5
1,1,5,44,0.5,0.5
1,0,2.25,10,0.5,-0.5
0,0,2,73,-0.5,-0.5
1,0,4.5,60,0.5,-0.5
1,0,3.5,57,0.5,-0.5
0,1,3.25,51,-0.5,0.5
0,1,5,100,-0.5,0.5
1,1,5,50,0.5,0.5
1,0,1.75,33,0.5,-0.5
1,0,1.25,13,0.5,-0.5
1,0,1,50,0.5,-0.5
1,1,4.25,71,0.5,0.5
1,1,5,91,0.5,0.5
1,0,2,50,0.5,-0.5
0,1,3,82,-0.5,0.5
0,0,2.25,50,-0.5,-0.5
1,1,3.5,46,0.5,0.5
1,1,3.25,88,0.5,0.5
0,0,3.25,51,-0.5,-0.5
0,1,1.75,60,-0.5,0.5
1,1,4,77,0.5,0.5
1,0,3,50,0.5,-0.5
0,0,1.75,93,-0.5,-0.5
1,1,5,81,0.5,0.5
0,1,3,47,-0.5,0.5
0,1,1,1,-0.5,0.5
1,1,3,50,0.5,0.5
0,1,3,40,-0.5,0.5
0,0,1.75,51,-0.5,-0.5
1,0,2.25,14,0.5,-0.5
0,0,1,27,-0.5,-0.5
0,1,1,2,-0.5,0.5
1,0,1.5,20,0.5,-0.5
1,1,1,2,0.5,0.5
1,0,4.25,84,0.5,-0.5
0,0,3.5,96,-0.5,-0.5
0,0,4,42,-0.5,-0.5
1,1,4.5,94,0.5,0.5
1,1,3.75,16,0.5,0.5
0,1,2.5,70,-0.5,0.5
0,0,3.25,64,-0.5,-0.5
0,0,4.25,63,-0.5,-0.5
0,0,1,10,-0.5,-0.5
1,1,2.75,92,0.5,0.5
1,0,3,100,0.5,-0.5
0,1,3,65,-0.5,0.5
0,0,1.5,84,-0.5,-0.5
0,0,4.5,65,-0.5,-0.5
0,0,1.5,29,-0.5,-0.5
0,1,4.75,40,-0.5,0.5
0,1,4,50,-0.5,0.5
0,1,1.75,50,-0.5,0.5
0,1,2.25,51,-0.5,0.5
1,0,2,30,0.5,-0.5
1,1,1.75,13,0.5,0.5
0,1,4.5,90,-0.5,0.5
1,0,1.5,53,0.5,-0.5
1,1,4,70,0.5,0.5
0,0,3.25,53,-0.5,-0.5
1,0,3,26,0.5,-0.5
1,0,3.25,70,0.5,-0.5
1,1,2,19,0.5,0.5
1,1,3.75,47,0.5,0.5
0,1,2,9,-0.5,0.5
1,0,3.75,10,0.5,-0.5
0,0,2.5,50,-0.5,-0.5
0,0,4.25,41,-0.5,-0.5
0,0,2.75,10,-0.5,-0.5
1,0,1.5,62,0.5,-0.5
0,1,2.25,47,-0.5,0.5
0,1,1,21,-0.5,0.5
1,0,2.75,52,0.5,-0.5
1,0,3.5,73,0.5,-0.5
0,0,2.25,100,-0.5,-0.5
1,0,2.25,52,0.5,-0.5
1,1,1,11,0.5,0.5
0,0,3.5,76,-0.5,-0.5
1,1,3,52,0.5,0.5
1,0,5,45,0.5,-0.5
0,1,3.5,52,-0.5,0.5
1,1,1.75,25,0.5,0.5
1,1,1.5,62,0.5,0.5
0,1,2.5,40,-0.5,0.5
1,1,3.75,51,0.5,0.5
1,1,1.5,17,0.5,0.5
1,0,2.75,80,0.5,-0.5
0,1,4,61,-0.5,0.5
1,1,4.25,92,0.5,0.5
1,1,1.5,61,0.5,0.5
0,1,3,55,-0.5,0.5
0,1,2,41,-0.5,0.5
0,0,1.5,82,-0.5,-0.5
1,0,2.75,71,0.5,-0.5
0,0,3.5,50,-0.5,-0.5
1,1,4,69,0.5,0.5
1,1,3,80,0.5,0.5
1,0,2.5,77,0.5,-0.5
0,0,3,39,-0.5,-0.5
1,0,2,52,0.5,-0.5
0,0,2.25,40,-0.5,-0.5
1,1,2.75,68,0.5,0.5
0,0,3,27,-0.5,-0.5
1,0,2.5,96,0.5,-0.5
1,0,2.75,81,0.5,-0.5
0,1,1,11,-0.5,0.5
0,1,3,1,-0.5,0.5
1,1,3.75,75,0.5,0.5
1,1,1.5,50,0.5,0.5
0,0,3.25,97,-0.5,-0.5
0,1,2.75,82,-0.5,0.5
0,0,3,50,-0.5,-0.5
1,0,4.5,59,0.5,-0.5
1,1,2.5,90,0.5,0.5
1,0,4.25,69,0.5,-0.5
1,0,3.75,61,0.5,-0.5
0,0,2.25,4,-0.5,-0.5
0,1,1.5,51,-0.5,0.5
1,0,2.5,49,0.5,-0.5
0,0,1,50,-0.5,-0.5
1,1,4.5,38,0.5,0.5
1,1,4.75,62,0.5,0.5
0,1,4,97,-0.5,0.5
0,1,1,1,-0.5,0.5
0,0,4,73,-0.5,-0.5
0,1,3.25,60,-0.5,0.5
1,0,2,31,0.5,-0.5
0,0,2.5,50,-0.5,-0.5
1,1,2.5,63,0.5,0.5
0,1,2,75,-0.5,0.5
1,1,4,58,0.5,0.5
1,1,4,42,0.5,0.5
0,0,3,0,-0.5,-0.5
0,1,2.5,41,-0.5,0.5
1,0,1.5,77,0.5,-0.5
1,0,1.75,33,0.5,-0.5
0,1,2,50,-0.5,0.5
1,1,3,85,0.5,0.5
1,0,1.5,75,0.5,-0.5
0,0,4,51,-0.5,-0.5
1,0,1.75,50,0.5,-0.5
0,1,2.75,100,-0.5,0.5
1,1,4,95,0.5,0.5
0,1,2.25,91,-0.5,0.5
1,1,2.25,52,0.5,0.5
0,1,1.5,51,-0.5,0.5
0,0,4,92,-0.5,-0.5
1,0,3.5,51,0.5,-0.5
0,0,3.5,77,-0.5,-0.5
0,0,2.75,68,-0.5,-0.5
1,1,3.25,75,0.5,0.5
1,0,2.5,40,0.5,-0.5
0,0,2,100,-0.5,-0.5
0,1,3,40,-0.5,0.5
0,1,2.25,83,-0.5,0.5
1,0,4,58,0.5,-0.5
1,1,1.5,26,0.5,0.5
1,1,3.25,28,0.5,0.5
1,0,2.5,51,0.5,-0.5
0,1,3,73,-0.5,0.5
0,0,1,30,-0.5,-0.5
1,0,5,49,0.5,-0.5
1,1,4.25,80,0.5,0.5
1,0,2.75,61,0.5,-0.5
0,0,3.75,51,-0.5,-0.5
0,1,2.75,10,-0.5,0.5
1,1,2.25,27,0.5,0.5
0,0,4,67,-0.5,-0.5
1,0,3,40,0.5,-0.5
1,0,1.25,20,0.5,-0.5
0,1,1,85,-0.5,0.5
0,0,4,75,-0.5,-0.5
0,0,2.25,45,-0.5,-0.5
0,0,2,29,-0.5,-0.5
0,0,4,43,-0.5,-0.5
0,0,2.5,40,-0.5,-0.5
0,0,4,58,-0.5,-0.5
0,1,1,20,-0.5,0.5
1,0,4.25,52,0.5,-0.5
0,1,2.75,17,-0.5,0.5
0,0,3.25,11,-0.5,-0.5
0,0,1,0,-0.5,-0.5
1,0,1.75,3,0.5,-0.5
0,1,3.25,61,-0.5,0.5
0,1,2.5,60,-0.5,0.5
0,1,4.25,51,-0.5,0.5
0,1,4,50,-0.5,0.5
1,0,2.75,50,0.5,-0.5
0,1,2.25,50,-0.5,0.5
0,0,2.5,83,-0.5,-0.5
1,0,3,46,0.5,-0.5
1,1,3,52,0.5,0.5
0,1,5,53,-0.5,0.5
0,0,5,92,-0.5,-0.5
0,1,4,71,-0.5,0.5
0,1,2.25,61,-0.5,0.5
0,0,2.25,64,-0.5,-0.5
1,1,2.5,41,0.5,0.5
1,0,3.25,6,0.5,-0.5
0,1,4,50,-0.5,0.5
1,1,3,50,0.5,0.5
1,1,3.25,62,0.5,0.5
1,0,3,60,0.5,-0.5
0,0,2.75,51,-0.5,-0.5
0,0,2.75,54,-0.5,-0.5
0,0,4.25,77,-0.5,-0.5
1,1,4.75,75,0.5,0.5
0,1,2,30,-0.5,0.5
1,1,2.25,50,0.5,0.5
1,0,3.5,11,0.5,-0.5
1,1,1.75,51,0.5,0.5
1,0,2,50,0.5,-0.5
1,0,4,100,0.5,-0.5
1,1,3,59,0.5,0.5
0,0,4.75,52,-0.5,-0.5
0,0,1,85,-0.5,-0.5
0,0,1,24,-0.5,-0.5
1,0,2,42,0.5,-0.5
1,1,3,53,0.5,0.5
0,0,3,95,-0.5,-0.5
0,0,4.5,71,-0.5,-0.5
0,1,1.75,80,-0.5,0.5
1,0,2,24,0.5,-0.5
1,1,1.75,15,0.5,0.5
0,0,3.75,81,-0.5,-0.5
1,0,2.25,51,0.5,-0.5
0,0,1,27,-0.5,-0.5
0,0,3.5,70,-0.5,-0.5
0,1,2,0,-0.5,0.5
0,1,1,34,-0.5,0.5
0,0,4,74,-0.5,-0.5
1,1,3.5,92,0.5,0.5
0,0,3.5,81,-0.5,-0.5
0,1,2.5,49,-0.5,0.5
0,1,2.25,63,-0.5,0.5
0,1,4,75,-0.5,0.5
1,1,2.25,43,0.5,0.5
1,0,1,51,0.5,-0.5
1,1,1.5,10,0.5,0.5
0,0,2.25,49,-0.5,-0.5
0,0,3.75,20,-0.5,-0.5
0,1,2.75,21,-0.5,0.5
0,0,1.5,28,-0.5,-0.5
1,1,2,71,0.5,0.5
0,0,3.75,66,-0.5,-0.5
0,0,2.75,38,-0.5,-0.5
0,0,2.5,61,-0.5,-0.5
0,0,3,18,-0.5,-0.5
1,0,3.25,71,0.5,-0.5
1,1,2,61,0.5,0.5
0,1,3.25,52,-0.5,0.5
1,0,2.25,8,0.5,-0.5
0,0,3.75,50,-0.5,-0.5
1,0,1.25,1,0.5,-0.5
1,1,2.25,45,0.5,0.5
0,0,4.75,84,-0.5,-0.5
1,1,2.75,55,0.5,0.5
0,1,2.75,34,-0.5,0.5
0,0,2.5,60,-0.5,-0.5
1,1,3.25,100,0.5,0.5
0,0,4,64,-0.5,-0.5
0,0,3,50,-0.5,-0.5
1,1,2.75,40,0.5,0.5
1,1,1.75,71,0.5,0.5
0,1,4,50,-0.5,0.5
0,1,2.25,48,-0.5,0.5
1,1,1.5,50,0.5,0.5
1,0,2.75,64,0.5,-0.5
1,1,3.5,92,0.5,0.5
0,1,2.25,71,-0.5,0.5
0,1,1.25,70,-0.5,0.5
0,1,1.25,50,-0.5,0.5
0,0,2.25,71,-0.5,-0.5
1,0,3.5,47,0.5,-0.5
0,1,1.5,0,-0.5,0.5
1,0,2,0,0.5,-0.5
1,1,2.5,16,0.5,0.5
0,0,3,30,-0.5,-0.5
0,0,3.5,50,-0.5,-0.5
1,0,4,50,0.5,-0.5
1,0,1,0,0.5,-0.5
0,0,3.75,97,-0.5,-0.5
1,0,1,18,0.5,-0.5
1,0,4.5,62,0.5,-0.5
1,1,3.5,19,0.5,0.5
0,1,3.5,30,-0.5,0.5
0,1,2,9,-0.5,0.5
1,1,4.25,83,0.5,0.5
1,0,2.25,2,0.5,-0.5
1,0,3,20,0.5,-0.5
0,0,2.25,42,-0.5,-0.5
0,1,3.5,96,-0.5,0.5
1,1,4.25,62,0.5,0.5
0,0,1.5,21,-0.5,-0.5
1,1,1,38,0.5,0.5
1,1,2.25,54,0.5,0.5
1,1,3.5,91,0.5,0.5
1,1,1.75,50,0.5,0.5
0,1,3,40,-0.5,0.5
1,1,3.25,84,0.5,0.5
0,0,2.5,41,-0.5,-0.5
0,1,1,0,-0.5,0.5
0,1,3.75,99,-0.5,0.5
1,1,2.75,50,0.5,0.5
0,0,3.25,43,-0.5,-0.5
0,1,1,1,-0.5,0.5
0,0,3,60,-0.5,-0.5
0,1,3,62,-0.5,0.5
0,0,1.75,40,-0.5,-0.5
1,0,1.5,34,0.5,-0.5
1,1,1,77,0.5,0.5
0,0,2.25,5,-0.5,-0.5
0,1,2.75,22,-0.5,0.5
1,1,3.5,51,0.5,0.5
1,0,1,1,0.5,-0.5
0,0,2.75,70,-0.5,-0.5
0,1,3.25,72,-0.5,0.5
0,0,2,1,-0.5,-0.5
0,1,5,81,-0.5,0.5
0,0,1,0,-0.5,-0.5
0,1,4.5,55,-0.5,0.5
1,1,1.5,50,0.5,0.5
1,0,4.5,53,0.5,-0.5
0,0,3,33,-0.5,-0.5
0,1,3,48,-0.5,0.5
1,0,5,1,0.5,-0.5
0,0,4,73,-0.5,-0.5
0,1,1,2,-0.5,0.5
1,0,1.25,10,0.5,-0.5
0,1,2.75,64,-0.5,0.5
1,0,3.25,22,0.5,-0.5
0,1,3.25,39,-0.5,0.5
1,1,2.5,39,0.5,0.5
0,1,1.5,40,-0.5,0.5
1,0,2.5,50,0.5,-0.5
0,1,2.75,49,-0.5,0.5
0,0,3,67,-0.5,-0.5
0,1,1.25,54,-0.5,0.5
0,0,2,7,-0.5,-0.5
0,0,4.5,48,-0.5,-0.5
0,0,3.75,30,-0.5,-0.5
1,0,2.5,31,0.5,-0.5
0,0,3,57,-0.5,-0.5
1,1,2.25,51,0.5,0.5
1,1,4.5,73,0.5,0.5
1,0,3.25,30,0.5,-0.5
0,1,3.5,91,-0.5,0.5
0,0,3,7,-0.5,-0.5
0,1,4.25,70,-0.5,0.5
1,1,2.25,4,0.5,0.5
0,0,2,20,-0.5,-0.5
1,1,3.25,39,0.5,0.5
0,0,4,25,-0.5,-0.5
1,1,1.75,100,0.5,0.5
0,0,1,17,-0.5,-0.5
1,0,3.75,51,0.5,-0.5
0,1,1.75,0,-0.5,0.5
0,1,2,1,-0.5,0.5
0,1,3.25,37,-0.5,0.5
1,1,2,40,0.5,0.5
0,0,4,100,-0.5,-0.5
0,0,5,91,-0.5,-0.5
1,0,4.25,100,0.5,-0.5
0,0,2.25,61,-0.5,-0.5
0,1,1.5,20,-0.5,0.5
1,1,3.25,58,0.5,0.5
1,1,2,0,0.5,0.5
1,0,2.25,51,0.5,-0.5
0,1,2.75,5,-0.5,0.5
1,0,2,52,0.5,-0.5
1,0,3.25,3,0.5,-0.5
1,1,4.25,87,0.5,0.5
1,1,2.75,52,0.5,0.5
1,1,3,90,0.5,0.5
1,0,4,36,0.5,-0.5
0,1,2,59,-0.5,0.5
1,1,3.5,71,0.5,0.5
0,1,3,50,-0.5,0.5
0,1,3.75,8,-0.5,0.5
0,1,1,50,-0.5,0.5
1,0,3.25,70,0.5,-0.5
1,0,3.75,58,0.5,-0.5
1,1,2.5,50,0.5,0.5
0,1,1,14,-0.5,0.5
1,1,1.75,67,0.5,0.5
1,1,2.5,49,0.5,0.5
1,0,3.5,82,0.5,-0.5
0,1,2.5,4,-0.5,0.5
1,1,3,41,0.5,0.5
1,0,2.25,30,0.5,-0.5
1,1,3.75,40,0.5,0.5
1,1,3,50,0.5,0.5
1,0,2,50,0.5,-0.5
1,1,4.5,83,0.5,0.5
1,1,2.75,4,0.5,0.5
1,0,3.25,38,0.5,-0.5
1,0,3.75,46,0.5,-0.5
1,0,3.5,69,0.5,-0.5
1,0,4.5,51,0.5,-0.5
1,0,2.25,40,0.5,-0.5
1,0,3.5,71,0.5,-0.5
1,0,5,51,0.5,-0.5
1,0,2,53,0.5,-0.5
0,1,2.75,62,-0.5,0.5
1,0,3.25,52,0.5,-0.5
1,1,3.25,51,0.5,0.5
0,0,3.75,41,-0.5,-0.5
1,0,1,65,0.5,-0.5
0,0,4.25,52,-0.5,-0.5
0,1,2,44,-0.5,0.5
1,1,2,51,0.5,0.5
0,0,3.25,51,-0.5,-0.5
0,1,1,100,-0.5,0.5
1,0,5,50,0.5,-0.5
1,1,1,32,0.5,0.5
1,0,2.75,30,0.5,-0.5
1,0,4,80,0.5,-0.5
